Creator,Follower Count,Reel link,Views,# Shares ,"spoken: 

text: 

visual: ",Format,Intensity,Duration (sec),Audio,Funnel,CTA,Notes,Pillar,Column 15,Column 16,Column 17,Column 18,Column 19,Column 20,Column 21,Column 22,Column 23,Column 24,Column 25,Column 26,Column 27
"natalie.hoffie

https://www.instagram.com/natalie.hoffie/reels/

Bio: 
✨ community of overthinking millennials ✨
🫂 from 0 to 2,000 in 7 days because of your support",6017,https://www.instagram.com/natalie.hoffie/reel/DThnvPiCLyy/,1.4M,53.1K,"spoken: ""I'm running out of time i should settle down and have kids"" 

text: POV: GIRLIE IN HER 30S RUNNING OUT OF TIME

visual: her nodding with a blank look, obsessively swirling her coffee",Voiceover,medium intensity,30,no backing audio,Nurture,n/a,"- ""i should travel before i have kids"" ""but i need to save for a house""  ""soon it will be too late to have kids"" ""maybe i dont even want them""
- captions have the white stroke behind them to ensure they're clearly readable
- captions stay in the same place the whole time, in a location that doesn't obstruct her face
- any pauses have been edited out for continuous flow
- voiceover adds to key messaging -> ""overthinking""

- comments:
""It’s better to regret not having kids than to regret having kids""
2.7k likes

""Me to ChatGPT at 3am 😂""
1043  likes

""We might be from different countries, culture, environment, backgrounds... But still have the same thoughts and anxieties. It's weird if you think about it, but still so comforting cause we're not alone and we're all connected in someway ❤️""
131 likes",Passions,,,,,,,,,,,,,
,,https://www.instagram.com/natalie.hoffie/reel/DTAvBzAiLJR/,284K,550,"spoken: ""I'm 30 years old and i'm freaking out""

text: captioned voiceover - ""I'm 30 years old and I'm freaking out""

visual: big mic / candy cane / complementary colors
overlay of screenshotted account growth",Talking head,medium intensity,80,What was I made for?,Nurture,,"- Caption: Who else feels nervous about talking to the camera, especially in a language that is not their mother tongue?
-- she uses language as leverage for her uniqueness, pairs it with highly relatable pain point ""who feels nervous about talking to camera""
- the comments on this one also offer valuable data

""I feel so connected to you...this year I decided to start a YouTube channel after wanting to for 14 years and being afraid...I'm tired of being afraid of other people's opinions. Recording the first videos is proving to be a challenge, but I'm going to make it 💪🏻""
29 likes

apparently someone stole this video from her, her comment: Thanks, I saw it. I think to take ideas from others is okay. But stealing authentic video word by word is cringe
-- tbh, could be a talking head video on it own

CONTRARIAN VIEW IDEA:
WHY count down to 30? why is 30 the milestone? start any time, even if your countdown is to 33",Passions,,,,,,,,,,,,,
,,https://www.instagram.com/natalie.hoffie/reel/DTZ4Y-nCNgG/,71.2K,411,"spoken: same as captioned text

text: ""I'm experiencing the biggest burnout in my career. i'm 30 years old and work in finance for the last 10 years..""

visual: just mic - talking head video
thumbnail: BURNOUT",Talking head,medium intensity,96,What Was I Made For? (from Barbie),Nurture,,,Skill,,,,,,,,,,,,,
,,https://www.instagram.com/natalie.hoffie/reel/DTQb628iD9L/,64.5K,93,"spoken: non talking

text: (brain emoji): don't post your videos no one will watch them

visual: her looking apprehensive, paranoid, looking back and forth- driving in her car",Silent film / B-roll ,low intensity,12,Everything is romantic,Position,,"- strong cadence
- overlay of screenshotted follower growth",Skill,,,,,,,,,,,,,
,,https://www.instagram.com/reels/DUPwRo6CGQb/,212K,12.4K,"spoken: I will open a pilates studio, become a pilates instructor..

text: POV: woman in her 30s changing careers every month

visual: body language adds to text - allows viewer to see themselves in her",Relatable/Comedy,medium intensity,20,deep in thoughts,Nurture,,"- i feel like this would work well in a split screen format
- vocal delivery adds to emotional impact
- "" i should start a youtube channel"" messaging in script speaks directly to previous commentors
- she pinned this comment: Girls, it looks like we should start a business together. But what should it be a Pilates studio, an AI startup, a café, a fashion brand, or an Etsy shop?
- lots of ""this is so me"" comments - reinforcing evidence that viewers are seeing themselves in her
""Ok I thought I have committment issues with work and not stable or don't know what I want in life , so it's universal 😂""
- ladders up to her ""overthinking"" pillar and psychographic",Passions,,,,,,,,,,,,,
,,https://www.instagram.com/natalie.hoffie/reel/DTxqfzDiB02/,29.8K,337,"spoken: closed captioning

text: a 'normal' day of a 30yo woman
closed captioning: i wake up and check my biological clock, then immediately run to the kitchen to cook and clean",Relatable/Comedy,high intensity,57,no backing audio,Nurture,,"- cuts follow her throughout the day helping others see themselves inside her story
- funny, relatable messaging plays on stigma
- controversial topic: sexism
- brief ",Passions,,,,,,,,,,,,,
,,https://www.instagram.com/natalie.hoffie/reel/DTpel8xgKvi/,25.5K,18,"spoken: silent

text: POV: moment right before quitting the 9-5 that drained the life out of you

visual: facial expression of relief, text hook",Silent film / B-roll ,low intensity,4,"houseofyooni ""and when i'm back in chicago""",Attract,"none, she misused the format","- she is stronger with nurture but this text hook matches my creative vision so i'm including it
- low int... her facial expression and the text hook carry the video. not a whole lot to add otherwise.",Lifestyle,,,,,,,,,,,,,
@renxriley,17.6K,https://www.instagram.com/reel/DRufpDADfEf/,"875,764",10.7K,"spoken: post your spotify wrapped, don't listen to the haters

text: POST YOUR SPOTIFY WRAPPED

visual: medium shot her talking in her kitchen, low exposure. slight cinematic feel",Talking head,low intensity,39,no backing audio,Nurture,post your spotify wrapped,"- lots of movement
- comments indicate viewers strongly resonate with her - and ""post it, i want to judge you, not in a mean way, in a loving way""
- uses repetition",Lifestyle,,,,,,,,,,,,,
,,https://www.instagram.com/reel/DRShtnZiddM/,"552,403","6,761","text: safetynetholic

visual: actually the same medium shot as the one above, of her in her kitchen, low exposure, focused on her, slight cinametic feel
she's dancing to the song safety net by ariana grande",Silent film / B-roll ,low,15,ariana grande - safety net,Nurture,N/A,"- flowing with the music
- ariana grande fans showed up in the comments, omg",Lifestyle,,,,,,,,,,,,,
,,https://www.instagram.com/reel/DSBJsjSiWx2/,"460,230",15.3K,"spoken: we're going to do this before we make our 2026 vision board

text: do this before you make your vision board

visual: she is centered in frame, it's not the same location as the two above, but still low exposure with a slight cinamatic feel",Talking head,medium to high,106,no backing audio,Position,N/A,"- contrarian view: self reflection is a building block to vision boards 
- very value loaded with an easy to follow checklist, strong vocal deliery
- sound fx enhance video
- she is centered in the frame",Mindset,,,,,,,,,,,,,
,,https://www.instagram.com/reel/DSHCcO0jcNu/,"443,939","4,573","text: i won't tell anyone my spark is back but there will be signs

visual: it's just b roll of her looking back and forth at the camera, in make up, then tilting her head and smiling ",Silent film / B-roll ,low,10,no backing audio,Attract,N/A,"- invites curiosity and retention - viewer is trying to figure out what the catch line is or what the transformation is
- her smile lines up with the music going into a higher note / invites happiness without explanation
- higher exposure than her other videos
- she doesn't have a CTA just a white heart emoji in the caption, but i feel this is attract because it doesn't dive more into who she is or what her message is
- subtle low effort transformation - it's all in the expression, reminds me of that ""smile to frown"" silent acting challenge trend",Mindset,,,,,,,,,,,,,
,,https://www.instagram.com/reel/DSTpqaajUjw/,"319,551","4,552","spoken: ""want to learn how to enjoy your own company? great you're in the right place"" 

text: ""learning to enjoy your own company"" (subtext) - title: alone but not lonely - episode 3

visual: various clips - her mixing her starbucks with her hand, alone, a small photo of only herself coming out of what appears to be a photo booth slot, grocery produce aisle, her shopping alone, her sitting in the park drinking her coffee alone",Vlog,medium to high - lots of different clips used,49,she does have backing audio but i can't make it out very well,Attract,"so if you’re here because you want to learn how to enjoy your own company PERIODD IM PROUD OF YOU, start here, because i have more to share and we have more dates
","- vlog focuses on value: how to be comfortable being alone
(being alone is one of the most vulnerable, insecure experiences a human can go through)
there is a human need for connection and socializing
how can we embrace those moments we can't be socializing or in a relationship?
- anyway, she uses a lot of clips to support her point while keeping retention high, with backing vocals that have a rising action, i need to get that song
- keeps it short
- people can see themselves in her POV",Lifestyle,,,,,,,,,,,,,
,,https://www.instagram.com/reel/DSkuyJHCckr/,"296,306","4,394","text: ""me and all the lives i lived in 2025""

visual: flashes one finger to the camera to emphasize the lyric ""one taught me love""
medium shot of her in the kitchen but it's higher exposure with the background lit",Silent film / B-roll ,low intensity,15,"ariana grande - thank u, next",Attract,N/A,"- showcasing the pain she went through last year in a relatable way, via a popular, relatable song (consistent with her other ariana grande post - the safety net one)
- people can see themselves in her
- payoff at the end ""love turned out lust, but thats not what i see""",Passions,,,,,,,,,,,,,
,,https://www.instagram.com/reel/DTL8FP7jZFi/,"191,820",13.9K,"text: ""he severely unwell best friend trying to also help the severely unwell best friend""

audio: ""focus focus focus... do you suffer from anxiety... depression...""

visual: she's in her car holding her phone, as if talking to her BFF on the phone",Relatable/Comedy,low intensity,11,audio - renixrily https://www.instagram.com/reels/audio/26351574291110361/ ,Nurture,N/A,"- the BTS of how she acts with her and her friends
- more on her personality - shows in her expression - playful, funny, light hearted, self aware",Passions,,,,,,,,,,,,,
@aimann.ai,108k,https://www.instagram.com/reel/DTbV-fVAAtp/,"9,968,090",187K,"spoken & text hook: Day 4 of posting a video where a tech CEO says something diabolically evil in broad daylight 

visual: he's in his car, center frame, closed captioning, skylight, parking lot",Talking head,low-med intensity,14,no backing audio,Attract,Follow for day 5!,"- brief but specific enough hook
- good vs evil story arc
- simple language
- ""said in broad daylight"" (skylight, open blue sky through window)
- screen recording of what ceo said  - in this case it was Sam Altman stating that AI would probably cause destruction but it's fine because some great companies will be established in the interim
- no pause in between
- short duration",Skill,,,,,,,,,,,,,
,,https://www.instagram.com/reel/DTeEypmgLEh/,"5,191,754",73.5K,"spoken & text hook: Day 5 of posting a video where a tech CEO says something diabolically evil in broad daylight 

visual: he's in his car, center frame, closed captioning, skylight, parking lot",Talking head,low-med intensity,29,no backing audio,Attract,Follow for day 6!,"- same as above
- he is picking the clips with an intentional emphasis on stronger tech power, lessening human rights and voice. this one was focused on pulling voting and political power from the people, and controlling the market as well as public opinion further",Skill,,,,,,,,,,,,,
,,https://www.instagram.com/reel/DTYrXKRCQhZ/,"4,223,285",77.5K,"spoken & text hook: Day 3 of posting a video where a tech CEO says something diabolically evil in broad daylight 

visual: he appears outside of his house, center frame, closed captioning, yellow wall, high exposure",Talking head,low-med intensity,15,no backing audio,Attract,Follow for day 4!,"- same as above
- change in location - still in broad daylight - backwall is outside of his home it looks like? it's yellow
- emphasis on plantair CEO - this is the second post that is an outlier and focuses on a quote by him
- this time the CEO is stating he would love to get a drone and getting light fentayl laced with urine sprayed over the analysts that try to ""screw us""

this is such an absurd statement",Skill,,,,,,,,,,,,,
,,https://www.instagram.com/reel/DTnv1AHgIzw/,"4,057,028",34.1K,"spoken & text hook: Day 7 of posting a video where a tech CEO says something diabolically evil in broad daylight 

visual: he is inside his home, center frame, closed captioning, medium exposure",Talking head,low-med intensity,30,no backing audio,Attract,Follow for day 8!,"- this one is CEO of Duolingo
- quote: 
Nobody in the company wanted to make money. We had hired a bunch of people who were like communists or something.
(0:13) Nobody wanted to make money because because everybody who came to work for Duolingo came for the mission. (0:18) They were like, okay, it's about free education. (0:20) So when I stood in front of the whole company, which at the time is not that big, it's maybe 100 to 150 people.
(0:26) And I said to everyone that we needed to make money. (0:30) Nobody wanted to do it.

comments centered around 
- Moral outrage
- Economic debate
- Product criticism",Skill,,,,,,,,,,,,,
,,https://www.instagram.com/reel/DTS9ZCrgM-m/,"3,126,815",41K,"spoken & text hook: Day 1 of posting a video where a tech CEO says something diabolically evil in broad daylight 

visual: he's in his car, center frame, closed captioning, skylight, parking lot. this one is slightly lower - camera is a little more below his chin line",Talking head,low intensity,19,no backing audio,Attract,Follow for day 2!,"- Peter Thiel, co founder of Plantair (3x mention)
- Interviewer: ""You would prefer the human race to endure, right?""
- Peter: (hestitates)
- Interviewer: you're hesitating
- Peter: well I dont know I would um I would
- Interviewer: that's a long hestitation
- there is many questions

This series works because it leverages two powerful engagement triggers:

Moral framing
Ambiguous evidence",Skill,,,,,,,,,,,,,
,,https://www.instagram.com/reel/DTyqSedABhq/,"1,963,638","8,323","spoken & text hook: Day 8 of posting a video where a tech CEO says something diabolically evil in broad daylight 

visual: he is inside his home, center frame, closed captioning, low exposure, bright orange t shirt",Talking head,low,18,no backing audio,Attract,Follow for day 9!,"- he is wearing a bright orange shirt against a dark, room background
- consistency with successful hook

Alex Karp
CEO of Palantir
If you're pro Palestine he's talking about you btw...

so the primary source of death in Palestine is the fact that hamas has realized that there are millions and millions of useful idiots that will stop using that excuse this is why you don't get a platform",Skill,,,,,,,,,,,,,
,,https://www.instagram.com/reel/DTgtK6mAK9Q/,"1,474,287","8,890","spoken & text hook: Day 6 of posting a video where a tech CEO says something diabolically evil in broad daylight 

visual: he's in his car, center frame, closed captioning, skylight, parking lot. this one is slightly to the opposite side of him in his car - and it appears to be raining",Talking head,low,31,no backing audio,Attract,Follow for day 7!,"-rainy day in his car, camera slightly off center
Hook pre-loads the viewer with a moral interpretation before they see the clip.

Palmer Lucky
Co-Founder of Anduril
Live demo of Anduril's AI powered HUD helmets

let's see i see someone inside of a building every drone and every person now sees that person where he is it's so crazy that i was born at the right time to actually get to build all this stuff they're tracking where the bad guy is they're tracking where my guys are and then watch when they go behind the container so i can actually see through it and watch now they're engaging the guy over there and he's down",Skill,,,,,,,,,,,,,
@rosehoneymorgan,99.5K,https://www.instagram.com/reel/DS-whFtjVpk/,"2,754,469",10.1K,"spoken hook: i've decided to spend this year actually trying (fuck)
text hook: same as above, follows with her as she's speaking

visual hook: her in a robe, in her living room, stoic, no make up, blank expresson 
little bit of a crib in the background, bed, looks like sheets were just pulled off the bed to be washed, pillows on the floor",Relatable/Comedy,low intensity,49,fine line (instrumental) by kapa boy https://www.instagram.com/reels/audio/536271475169679/,Nurture,,"- very relatable
- addressed depression painpoints, lack of productivity
- directly addressed the audience ""how are you spice girl fans holding up""
- repetition on the doom scrolling, supported through the video with engaging footage
- footage (included screen recording of her feed-inviting people into her world) and messaging relatable and broad enough to bring people into her world 
- no pay off invites curiosity - makes people want to engage or follow to know more or see if she sticks with it ",Lifestyle,,,,,,,,,,,,,
,,https://www.instagram.com/reel/DTvBz8kjSgs/,"963,962",11K,"spoken: how are all the spice girls holding up?
Text hook: ""in defence of victoria beckham""
visual hook: she's getting ready - there's unblended foundation on her face, bright blue lipstick, and she's in a bath robe, her hair up",Talking head,medium,132,"it's muted but she tagged
say you'll be there - spice girls (instrumental) https://www.instagram.com/reels/audio/1073893392760980/",Nurture,,"- stays positioned center frame mostly the entire video
- opening shot is wide lens which makes it feel like you're there with her
- she also stopped in the middle of the video and said ""whoa i think i am getting an allergic reaction.. to this"" engaged the viewer to continue watching, see if she had a breakout from the make up, etc                              
- no transformation but gave a strong sense of who she was / her personality / tastes",Passions,,,,,,,,,,,,,
,,https://www.instagram.com/reel/DSZp50XDTq9/,"766,333",7981,"spoken hook: ""this is everything my mother and i have shoved up our asses""",Relatable/Comedy,medium,24,no backing audio,Nurture,,"- the hook is just hilarious
- mother / daughter dynamic gives viewer stronger glipmse into her personality / life
- cuts to keep it engaging
- shorter duration",Passions,,,,,,,,,,,,,
,,https://www.instagram.com/reel/DScQnMjjehD/,"417,408",184,"Text hook: ""showing Old Ma the reel I made about everything she's shoved up her ass""
visual hook: her mom in the kitchen, dog walked in on the background. makes you feel invited into her space like you know her",Reaction,low intensity,38,no backing audio,Nurture,message me your reels to send to her,"-  doubling down on what worked for her
- the footage is like her audience could probably see themselves at her house
- slice of both of their personalities - viewers likely to see their own mom in her content                                                                                                                              ",Passions,,,,,,,,,,,,,
,,https://www.instagram.com/reel/DTBV9qAja2n/,"248,678",502,"spoken & text hook: ""just to be clear i'm probably not going to stop doomscrolling"" 

Visual hook: her in her robe - keeping continuity with previous videos",Reaction,low intensity,28,need to shazam it ,Nurture,,"- continued successful series
- contuity with relatable pain point from last video - the doomscrolling
- overlays were funny and intentionally placed - this worked for me as well
- felt authentic - self improvement message clear
- mentioned aspirations in a relatable, humorous way
(everyone has considered or had the desire to be a creator at some point)
- continuity with opening shot from last time
- b roll of her baby laying on her chest whie scrolling captured glimpse of her life
- she has mastered a way to allow the viewer to see themselves in her",Lifestyle,,,,,,,,,,,,,
,,https://www.instagram.com/reel/DTDgG64jdNT/,"230,472",431,"Text hook: ""2026 is going to be my year
January 3rd:""

audio: i'm so tired of being here (amy lee)

visual hook: mug shot esque / burnt out half smile of her staring into the camera",Reaction,low intensity,5,my own immortal - evanescence https://www.instagram.com/reels/audio/25371777562509817/,Attract,,"-no cta but she uses a trending format 
- her half smile, confused, burnt out expression carries the video (even if the viewer is watching on mute)
- audio supports the emotion",Mindset,,,,,,,,,,,,,
,,https://www.instagram.com/reel/DU1SYwOjZen/,"203,699","2,629","spoken: what did everyone get for valentine's day? you show me your's, i'll show you mine

Text hook: ""WORST GIFTS I GOT FOR VALENTINE'S DAY FROM MY FLATMATE (aka husband)""",Greenscreen,medium,58,no backing audio,Attract,"Not sure which is more offensive to be honest.
Anyone get something worse? Do tell…","- contrarian view  on valentine's day gifts 
- raw opinion / a bit of drama / funny roasting
- builds up story (pain -> pursuit -> payoff) the pain of receving an awkward gift, the pursuit of discovering hints its going to be interesting, payoff showing how it really is
there is a story arc there
- i also like how she mentioned the different shades of gold
- she seems aware of her demographic being women",Passions,,,,,,,,,,,,,
harrietjanebeal,88.9K,https://www.instagram.com/reel/DS9iGJJDPOu/,"10,219,771",151,"spoken hook (w/ closed captioning): ""as winter draw in i cannot lie, my thoughts chase the sunshine with the TUI ready to fly""",Talking head,med intensity,39,no backing audio,Convert,"""book with TUI for your perfect holiday""","- uses cuts to support what she's talking about
- i like her hook actually, she mentions the season which is on everyone's mind
- i like the TUI pool float also - it's a TUI ad and i just thought this was a good subtle touch
- short enough - sweet spot
- targetting families - b roll supports that with footage of her kids during previous vacations",Lifestyle,,,,,,,,,,,,,
,,https://www.instagram.com/reel/DVVXH0UjB6J/,"4,248,540",518,"text hook: ""POV: you're just a mom that wants a holiday""",Skit-style,med intensity,39,no backing audio,Nurture,no CTA,"-she mixes formats (silent to some talking to split screen)
- i feel like this works because she's already built up a following around her family - like this is good fo rher followers
- it's an effective ad though, it leads with a story (story arc) blending real familiarity and authenticity (UGC) 
- silent is used to set the scene
- talking is used for the skit with her kids (build up)
- split screen is used to show options/amenities
- ""great even if you get hit with a ball"" - off the wall humor holds retention at the end of the video
- comments: ""i'm not even a mom"" (and i need a holiday)",Lifestyle,,,,,,,,,,,,,
,,https://www.instagram.com/reel/DU3oPjTjImn/,"827,770",14K,"text hook: ""pov your child get their skin tone from their dad""

spoken: (audio)",Lip sync,low intensity,13,family guy audio ,Attract,no CTA,"- uses cuts to go back and forth from the focus on the child speaking over the audio to the mom responding
- relatable content that doesn't go too deep BTS - labeling this as an attract
- setting matches theme of the beach and TUI ads that also went viral",Passions,,,,,,,,,,,,,
,,https://www.instagram.com/reel/DSvGxMGjGrE/,"688,800",13K,"text hook: ""when someone suggests you had enough fizz on xmas day""",Lip sync,low,22,trending speaking non music audio clip,Attract,no CTA,"-her expression matches the audio 
- she's holding a fancy glass
- made this a series, enciting profile traffic as well as enforcing consistency & recency
- i'm not british so the slang ""fizz"" caught my attention
- she pours champange and her attire feels like a xmas party
- lighting is a little cinematic - dark bkgd, focused, well lit subject",Lifestyle,,,,,,,,,,,,,
,,https://www.instagram.com/reel/DVtuHjrAEt-/,"608,233",23.7K,"text hook: ""dropping wild threats when you're overstimulated AF like""

spoken: If you don't both stop and keep your hands to yourselves then I'm going to pull over on the side of the motorway, (0:03) push you out of the car and make you walk home without any directions.",Other,low,11,"first 3s is of her talking then beat drop into ""coming in hot"" transition",Attract,no CTA,"- her caption: ""i love this trend"" indicates this is an attract piece
- her first 3s talking is like a rant - and she's not looking at the camera so it hooks you in to see whast drama is going down, is she cursing out a drive thru staff?
- she's speaking to her kids, threatening telling them they are going to walk home if they don't behave
- there's a lot of contrast/contrarian here, public opinion on raising voice/disciplining kids varies - but everyone has their own opinions
this is controverial
but eveyrone in the comments indicated this is actually relatable as a parent
- used coming in hot as a transitional piece ",Passions,,,,,,,,,,,,,
,,https://www.instagram.com/reel/DTcxmScDBJJ/,"446,663",19K,"text hook: ""me checking on parental controls on my kids devices so they can't access inappropriate content""",Silent film / B-roll ,low intensity,33,kim by eminem,Attract,no CTA,"- this was a repost from a year ago - format consistently works
- it cuts to her playing with the toys, prtending to be juvenile again, with ""kim"" by eminem played over it. 
- i like that she used the footage this way - she just recreated the scene older, it still worked
- she plays on the controversial parenting theme while keeping it neutral enough to call out and connect with her target audience/avatar (older millenials who were 10 years old listneing to controversial eminem tracks, playing with barbies)",Passions,,,,,,,,,,,,,
,,https://www.instagram.com/reel/DVbEkkBDIOR/,"351,317",13K,"text hook: ""telling chatgpt i'm abandoning my husband & kids for the single life in ibiza""

spoken:  Okay, I love this for you. This is the exact energy of someone who's ready to put themselves first (0:04) and work on in a piece. Good for you.",Talking head,low to medium,39,no backing audio,Nurture,,"- relatable, funny
- contrarian, calls out AI
- skit style with a story arc - keeps you watching - you want to see what's next
- cuts are very fluid
- cinematic background - dark with better lit subject",Mindset,,,,,,,,,,,,,
"npcfaizan

big talking head guy",,https://www.instagram.com/reel/DTtqi4Sj_Jc/,"2,862,361",38K,"spoken:  kai cent is trying to become a better speaker by reading out loud for 15 minutes at a time

text overlay: closed captioning

visual: he's sitting center frame in a chair, lower exposure, colder color grading, and within the first 3s he used a graphic overlay of kai cent's thumbnail",Talking head,medium,66s,no backing audio,Position,,"- thumbnail overlay 2s in during the hook
- cuts to reposition himself closer the camera 10s in
- continues to cut and reposition every 2-4s or so
- structured arc with no tangents",Skill,,,,,,,,,,,,,
,,https://www.instagram.com/reel/DTCC890kfik/,"1,540,162",17K,"spoken:  I made a decision about my life in 2025 that I believe has been the most impactful decision

text overlay: closed captioning

visual: sitting center frame in a chair, artificial light, he is sitting closer to the camera than his other videos, looks like he is in an office or school setting, with a desk behind him",Talking head,medium,66s,no backing audio,Attract,hope this helps someone. fulfilling potential requires boldness. be bold my friend,"- attract piece because he talks about his journey, transformation, and overcoming his ego as well as reconciling with the definition of ""potential"". 
- contrarian because the pain is being told you're extraodinrary all the time is a limiting belief, payoff is that he released himself from potential and stepped into action
- cuts bring him further away from the camera when he goes into ""a bit of context"" and ""by the way, i'm just going ot be honest with you"" he switches sides.almost kind of feels like a split screen like devil vs angel two different verisons of him are talking to you
- he then centers himself back into frame when he returns to the main messge
- reorients left/right depending on internal dialogue
- continues to make cuts throughout, bringing himself closer to the camera
- clear audio

Link to transcript",Mindset,,,,,,,,,,,,,
,,https://www.instagram.com/reel/DTwL_NEj6kR/,"1,501,703",8129,"spoken: A lot of people seem to believe that the reason I'm able to speak so quickly and fluently (0:03) in all of my videos is because I have so many cuts in them

text overlay: closed captioning

visual: sitting center frame in a chair, higher exposure than the one above, neutral tone color grading, and within the first 3s he shares overlays of the comments he's received",Talking head,medium,62s,no backing audio,Nurture,,"- screenshots of comments overlaid within first 2s of the hook
- throughout the video he showcases all of his cuts as overlays on his video
- structured arc to demonstrate message ""movement is the opposite of monotony""
- 66s consistent duration
- strong nurture piece because he gives the BTS of how he shoots his videos:

(0:35) I see so many creators nowadays with talking head videos, and they have so much good information (0:39) in these videos, but they're speaking slowly and staying in the same place the entire time. (0:43) This makes me more likely to be bored listening to you and far less likely to actually process (0:47) any of the information that you're sharing to me. (0:49) Finally, I don't really script any of these videos.
(0:51) I have a list of talking points that I want to get through, and I move around the (0:54) room as I'm getting through them, but I don't follow a specific word-for-word script. (0:58) Most of these videos are done entirely extemporaneously, and this is a skill that I believe everyone (1:02) can and should have. (1:03) That is the entire basis of this account, and it's what I'm trying to teach you to do

Link to transcript",Skill,,,,,,,,,,,,,
,,https://www.instagram.com/reel/DTQ3QTlkrMe/,"1,248,346",14.6K,"spoken: there's something i noticed about smart people that makes them lose to dumb people

text overlay: closed captioning

visual: sitting center frame in a chair, medium exposure, dark color grading. he's consistent with his framing",Talking head,medium,56s,he is using a backing audio that adds to the movement of the video via a steady tempo. i can't make out the name of the audio and  it's not tagged,Position,,"- he's consistent with his framing
- he calls out his target audience (smart people)
-- he also mentioned ""particularly people of his skin color""
this does two things: adds psychological inclusivity and hook opens loop as well as adds tension with the taget audience callout
it's similar to the example jun yuh used on the expert POV Day 4 Content bootcamp webinar
- he is also using cuts here to reframe and reorient himself every few seconds
- the entire video does a really good job walking the viewer through self evaluation - the scripting is very intentional - he even uses internal dialogue to match the target audience's
- viewer is able to see themselves in the advice he is providing and story he is teling
- last line is the cherry on top: video prompts the viewer to introspect

Link to transcription",Skill,,,,,,,,,,,,,
,,https://www.instagram.com/reel/DUrbl3XkfyB/,"898,133",9146,"text hook: Last time I did a one-shot video to prove that I can speak quickly and fluently without any cuts,

text overlay: closed captioning

visual hook: beeautiful patterned plaid scarf/blindfold, huge mirror behind him, siitting in a chair, center frame, medium exposure, warm color grading",Talking head,medium,78s,"he has low jazz music playing behind his audio, but the song isn't tagged. tempo changes up during the pain part of the video",Position,watch the whole thing through and ill make this my primary format,"- he is positioning his skill by using a scarf over his eyes so he can't see, and a mirror behind him so the viewer can see no teleprompter exists
- these two elements serve as a visual hook
- i think this is unintentional but the lighting is warm despite the exposure being lower, which i think gives the viewer a more invited feeling 
- he is positions his belief that being a good speaker is earned through practice and speaking off the top of your head not using a crutch, and learning to think and speak at the exact same pace
- caption CTA is an incentive to watch the entire video
- last line is a humorous jab back at the comments that disbelieve him - ""and no i don't have a teleprompter inside of my Suzane scarf. I assure you.""
- he lightly mentioned who made the scarf in the beginning of the video - great mention, natrural, fluid partnership without feeling like an ad at all ",Skill,,,,,,,,,,,,,
,,https://www.instagram.com/reel/DTbsJOgkbq-/,"212,441",1718,"spoken hook: this is a very uncomfortable video to make right now but i don't have any other choice

text overlay: closed captioning

visual hook: center framing, close to the camera, high exposure, lots of natural light, bright red sweater, body language adds to hook",Talking head,medium,48s,i think there is instrumental music behind the hook but the song isn't tagged,Nurture,,"- open loop hook - adds tension - viewer wants to resolve discomfort
- he also had an audio / sound fx in the beginning that added to the open loop hook
- relatable and broad - most people want to make content but won't take the leap to do it - vulnerability is big in speaking and in front of others you care about or whose opinions matter to you 
-- people can see themselves in him
- he had 13k followers at the time this was recorded.. this was in Jan only two months ago.. he gained 70k+ followers in two months
-- he is back to using his format where he only changes his position in the frame subtly, bringing himself closer, further, to the left, to the right, etc every few seconds. this is how he is able to produce so much content consistently without burning out - this is the system he's integrated that's worked for him
- messge is clear - discomfort is the point, keep doing the thing
- no tangents",Mindset,,,,,,,,,,,,,
,,https://www.instagram.com/reel/DTgfo7WkpNq/,"181,526",2500,"spoken: there's something i noticed about smart people that makes them lose to dumb people

text overlay: closed captioning

visual: sitting center frame in a chair, medium exposure, dark color grading. he's consistent with his framing",Talking head,medium,72s,no backing audio,Position,DO try this at home!!,"- very strategic pacing and vocal delivery 
- pacing and delivery aligns with his cuts and where he positions himself in the frame  
- keeps a consistent cadence that works
- introduces the strategy after introducing all of his credibility - launching a successful clothing brand, growing 10k followers in one month, $1m in VC funding for start up
- progressive intrigue - delivers pay off and mystery - makes listener satisfied and unsatisfied - ""what happens next?"" this meniton adds value to the video
- offers advice on how to integrate - adds value
- his contrarian view: this should extend beyond the hook
- last line: rewatch this entire video to see it in practice then you'll see
- sound fx used with overlay in the beginning showing his screenshot that he grew 10K followers

Link to transcript",Skill,,,,,,,,,,,,,
@ayat.kanaan,166k,https://www.instagram.com/reel/DSIruPbjCPd/,"1,241,465","8,648","text: sorry, i have plans in 2026

visual: selfie in front of the mirror, smiling, low exposure",Silent film / B-roll ,low,6,diva by beyonce mix https://www.instagram.com/reels/audio/25384424601242228/?e=55ea6ee0-9685-457c-9430-0af1455cfd20&g=5,Nurture,n/a,"- the text overlay is clear and sets the context of the reel well
- the video is built on one b-roll clip of her doing the same hting she's been clearly working on for some time
- audio is empowering and adds to the video
- cadence is well done - probably used a capcut template
- you can get a sense of her personality/energy from the BTS footage used",Lifestyle,,,,,,,,,,,,,
,,https://www.instagram.com/reel/DSQMsvlDMRQ/,"955,983","9,747",text: 2026 about to be the strictest program i ever ran,Silent film / B-roll ,low,6,her own mix https://www.instagram.com/reels/audio/32776070855341940/,Nurture,n/a,"- video is all b roll
- low exposure
- caption adds to hook ""and that's on priorities"" simple one liner
- cadence (capcut template?)",Lifestyle,,,,,,,,,,,,,
,,https://www.instagram.com/reel/DTdkdnIDCSr/,"732,680","8,394","
text: competition doesn't exist when you only see your own potential",Silent film / B-roll ,low,7,her own mix https://www.instagram.com/reels/audio/25376081125397472/,Nurture,n/a,"- same as above but with different b roll
- audio is a deeper, more bass
- contrarian",Mindset,,,,,,,,,,,,,
,,https://www.instagram.com/reel/DTQqgNmDI5S/,"430,528","3,935","
text: the most expensive thing you can wear is:",Silent film / B-roll ,low,6,her own mix https://www.instagram.com/reels/audio/33478932755053279/,Nurture,n/a,"- different b roll than the ones above
- ""can I?"" by drake (feat beyonce) mix used 
- cadence aligned with mindset hitters, pacing is good",Mindset,,,,,,,,,,,,,
,,https://www.instagram.com/reel/DUOTRLXjKOu/,"311,638","2,643",text: never jealous. never intimidated. never in competition. just focused on my goals.,Silent film / B-roll ,low intensity,7,her own mix https://www.instagram.com/reels/audio/25910432548588455/,Nurture,n/a,"- b roll reused
- shorter duration than the others
- same styling (low exposure)
- strong sense of her energy and personality
- viewer feels inside of her world",Mindset,,,,,,,,,,,,,
,,https://www.instagram.com/reel/DUqZjPGjFcJ/,"300,546","1,505",text: nothing beats a woman on a mission,Silent film / B-roll ,low,6,MAMA MA (Slowed),Attract,she didn't use one,"- she uses a trending format here with her own unique message/b roll
- text overlay less specific to her 
- b roll features less of a mix of her and more of broader, relatable things (e.g. food/cooking shot without her in it). this was intentional
- no cta though",Mindset,,,,,,,,,,,,,
,,https://www.instagram.com/reel/DSLGin_DPtE/,"290,451","2,844",text: can't talk rn i'm rebranding,Silent film / B-roll ,low,6,mist by esdeekid - she has her own mix https://www.instagram.com/reels/audio/26175049732082652/,Nurture,n/a,"- different b rolls - more intentional on salon and GRWM process, which supports the rebranding callout
- more color to this one, slightly higher exposure on some clips
- cadence remains consistent
- honestly, a big thing for her is that she's remained consistent with her messaging, style, cadence, energy, b roll, etc
she has doubled down on what has worked for her",Mindset,,,,,,,,,,,,,