Name,Pillar,Status,Publication Date,Format,Inspo,Intensity,Funnel,New Followers,Total views,Views follower %,Views non-follower %,Platform,Link to post,7x7 Creator,CTA,Duration,Media reqd,Hook,QA'd,Script & Caption,Skip rate,Avg watch time (s),Notes,Likes,Comments,Music,Shares
Don’t ask me if you should sell your tickets,Lifestyle,Live,"March 13, 2026",Silent / b roll (https://www.notion.so/Silent-b-roll-3025e3769cad80f0b030fe6a52c68065?pvs=21),https://www.instagram.com/reel/DRdhb1tDu_v/?igsh=dGJ1dnV4eGJpbDF3,Low,Attract,0,1946,0.1%,99.9%,Instagram,https://www.instagram.com/reel/DVxHM1ajpV4/?igsh=ejBiZ3U4b2VhY3U3,,,6,Concert b roll,Don’t ask me if you should sell your concert tickets. I’ve went through customs twice for a concert.,No,,32.35%,5.68,,24,1,The Hell Song by Sum 41,0
"Smart people stay invisible online for a reason. They were trained to perform, not to be seen.",Mindset,Trial,"March 12, 2026",Silent / b roll (https://www.notion.so/Silent-b-roll-3025e3769cad80f0b030fe6a52c68065?pvs=21),https://www.instagram.com/reel/DVu4StiFNeY/?igsh=MTFtb2xib3F2anBubA==,Low,Attract,0,267,0.1%,99.9%,Instagram,https://www.instagram.com/reel/DV0xpnrjvK-/?igsh=YTQ5ODkwcTlleHlv,,Curious if you’ve felt this too.,3,b roll - me working,"Smart people stay invisible online for a reason. They were trained to perform, not to be seen.",No,"Caption - The smartest people I know struggle the most with visibility.

School trained us to perform.
The internet rewards expression.

Most people were never taught the second skill.

Curious if you’ve felt this too.",23.81%,4.88,low skip rate  - could be something here,1,0,the deliverables have assets audio - marlosdayinthelife original audio  https://www.instagram.com/reels/audio/26422161677414171?igsh=cjQwMWdzazdqdjlk,0
Morning sounds when you work in America 🇺🇸,Lifestyle,Trial,"March 12, 2026",Silent / b roll (https://www.notion.so/Silent-b-roll-3025e3769cad80f0b030fe6a52c68065?pvs=21),https://www.instagram.com/reel/DVu4StiFNeY/?igsh=MTFtb2xib3F2anBubA==,Low,Attract,0,371,0.1%,99.9%,Instagram,https://www.instagram.com/reel/DVzuZH3Drtj/?igsh=Y3VsM3F3d2cwZWI5,,,3,b roll - me working,Morning sounds when you work in America 🇺🇸,No,,33.33%,5.26,retiring this approach to the hook - consistently didn’t work,0,0,the deliverables have assets audio - marlosdayinthelife original audio  https://www.instagram.com/reels/audio/26422161677414171?igsh=cjQwMWdzazdqdjlk,0
I know where I’ll be if America gets bombed,Mindset,Trial,"March 12, 2026",Silent / b roll (https://www.notion.so/Silent-b-roll-3025e3769cad80f0b030fe6a52c68065?pvs=21),https://www.instagram.com/reel/DVu4StiFNeY/?igsh=MTFtb2xib3F2anBubA==,Low,Attract,0,564,0.1%,99.9%,Instagram,https://www.instagram.com/reel/DVzpJYLEVNb/?igsh=MTcycWVyZjhoMmQ4bQ==,,,3,b roll - me working,I know where I’ll be if America gets bombed,No,,27.74%,5.34,,0,0,the deliverables have assets audio - marlosdayinthelife original audio  https://www.instagram.com/reels/audio/26422161677414171?igsh=cjQwMWdzazdqdjlk,0
*war in the Middle East* Meanwhile in America:,Mindset,Trial,"March 12, 2026",Silent / b roll (https://www.notion.so/Silent-b-roll-3025e3769cad80f0b030fe6a52c68065?pvs=21),https://www.instagram.com/reel/DVu4StiFNeY/?igsh=MTFtb2xib3F2anBubA==,Low,Attract,0,389,0.1%,99.9%,Instagram,https://www.instagram.com/reel/DVzmHifkfDt/?igsh=MTc0MW5uaXJucWp2eA==,,,3,b roll - me working,*war in the Middle East* Meanwhile in America:,No,,33.33%,4.54,,0,0,the deliverables have assets audio - marlosdayinthelife original audio  https://www.instagram.com/reels/audio/26422161677414171?igsh=cjQwMWdzazdqdjlk,0
NON NEGOTIABLES,Lifestyle,Trial,"March 12, 2026",Silent / b roll (https://www.notion.so/Silent-b-roll-3025e3769cad80f0b030fe6a52c68065?pvs=21),https://www.instagram.com/reel/DPUIqFIAKa2/?igsh=MXRkcmkycWd0ejJqcA==,Low,Attract,0,8486,0.1%,99.9%,Instagram,https://www.instagram.com/reel/DVxYJ4kDrdT/?igsh=MXM5ZG1kN3VlMXZtZQ==,,Follow for more relatable moments.,9,"B roll - concerts, traveling, desk work","NON NEGOTIABLES
MUSIC FESTIVALS 
(-$600)",No,"Financially questionable.
Emotionally priceless.
Follow for more relatable moments.",32.77%,6.45,had repeatable success; engagement centered around Tom Delonge. Metrics surpassed the inspo,31,0,https://www.instagram.com/reels/audio/1350059459842805?igsh=bnZiNm1ubjE0cXc2 Dudeitspink original audio,2
9-5 me: “a small creator” I wish I could create content full time (200 views),Skills,Trial,"March 12, 2026",Silent / b roll (https://www.notion.so/Silent-b-roll-3025e3769cad80f0b030fe6a52c68065?pvs=21),https://www.notion.so/UNFORTUNATELY-I-DO-LOVE-32c5e3769cad8028b2d1f02ca4354590?v=2f35e3769cad81e19a0e000c9bff5ca1&source=copy_link,Low,Nurture,0,244,0.1%,99.9%,Instagram,https://www.instagram.com/reel/DVxVs3TjnSA/?igsh=MTFjcWlvNTd6OWd5ZA==,,,6,"b roll of me at my desk, talking into the camera, etc",9-5 me: “a small creator” I wish I could create content full time  (200 views),No,Does it ever really get better asking for a friend lol,40.34%,4.93,"too much text, pacing is off",0,0,Dudeitspink original audio https://www.instagram.com/reels/audio/1350059459842805?igsh=bnZiNm1ubjE0cXc2,0
Digital nomad journey (Skyfall inspired),Lifestyle,Live,"March 12, 2026",Silent / b roll (https://www.notion.so/Silent-b-roll-3025e3769cad80f0b030fe6a52c68065?pvs=21),https://www.instagram.com/reel/DUyX45cEv4E/?igsh=MXFtZ254MXg2b3ppdA==,High,Attract,3,1992,8.3%,91.7%,Instagram,https://www.instagram.com/reel/DVhOJngD2Ub/?igsh=a3lhN3NhM25yeW5w,,Follow to see where I go next ✈️ ,56,younger self footage & travel b roll,2008 - travel was never part of our family,Yes,"Caption - For a long time, my career was my whole identity.

I worked constantly and barely took time off.

Then life forced me to slow down… and I started traveling alone.

It changed how I see the world — and myself.

Now I’m exploring the world one trip at a time.

Follow to see where I go next ✈️",33.31%,19.95,,65,3,Breakaway - Kelly Clarkson,0
Me Facetiming my boyfriend to rant,Passion,Trial,"March 11, 2026",Silent / b roll (https://www.notion.so/Silent-b-roll-3025e3769cad80f0b030fe6a52c68065?pvs=21),,Low,Nurture,0,640,0.1%,99.9%,Instagram,https://www.instagram.com/reel/DVw8cpgEZge/?igsh=Mm45NHdrM292a2py,,,3,b roll of me speaking - perhaps not convincing enough to be a rant,Me Facetiming my boyfriend to rant,No,caption - “you’re not going to believe what she did..”,62.96%,2.87,reach was higher than the previous - worth exploring further - everyone loves the tea,1,0,Ring my Bell by Anita Ward (trending),0
"Respectfully, I am in my 30s so I will protect my energy at all costs ✌️",Mindset,Trial,"March 11, 2026",Silent / b roll (https://www.notion.so/Silent-b-roll-3025e3769cad80f0b030fe6a52c68065?pvs=21),,Low,Nurture,0,442,0.1%,99.9%,Instagram,https://www.instagram.com/reel/DVw73b7EWu4/?igsh=ZWR0ejY3d3diNXN3,,,3,b roll of me talking with my hands in my car,"Respectfully, I am in my 30s so I will protect my energy at all costs ✌️",No,caption - We’re tired,41.24%,3.7,,0,0,Ring my Bell by Anita Ward (trending at the time),0
Introverts in their car before work like:,Mindset,Trial,"March 11, 2026",Silent / b roll (https://www.notion.so/Silent-b-roll-3025e3769cad80f0b030fe6a52c68065?pvs=21),,Low,Attract,0,328,0.1%,99.9%,Instagram,https://www.instagram.com/reel/DVw4xC2D1KF/?igsh=MTV5emRtaDAzMDZlbQ==,,,4,"b roll - me in my car, big exhale",Introverts in their car before work like:,No,I just want to go home and be with my books tbh,39.42%,3.77,,2,0,End of the Beginning by Djo,0
POV: you’re an empath that just stood up for themselves at work,Mindset,Trial,"March 11, 2026",Silent / b roll (https://www.notion.so/Silent-b-roll-3025e3769cad80f0b030fe6a52c68065?pvs=21),,Low,Nurture,0,480,0.1%,99.9%,Instagram,https://www.instagram.com/reel/DVw4alBD2Hf/?igsh=MXJqMDlzdTBlZWNwNA==,,,4,"b roll - me in my car, big exhale",POV: you’re an empath that just stood up for themselves at work,No,Level 100 difficulty but oh so important,27.87%,4.24,,5,0,End of the Beginning by Djo,1
"Learn your role at work, so you don’t lose your mind playing someone else’s",Mindset,Trial,"March 11, 2026",Silent / b roll (https://www.notion.so/Silent-b-roll-3025e3769cad80f0b030fe6a52c68065?pvs=21),https://www.instagram.com/reel/DUkcbIZieNO/?igsh=cnJhYWY0NHo2ZGRt,Low,Attract,0,287,0.1%,99.9%,Instagram,https://www.instagram.com/reel/DVwHiT-kdwB/?igsh=MWZ2Z3BmaW0wdnUxcg==,,,3,b roll - me at my desk at work,"Learn your role at work, so you don’t lose your mind playing someone else’s",No,,43.37%,3.91,,1,0,Love me not by ravynlenae,0
it doesn’t matter if it takes 2 weeks or 2 months,Mindset,Trial,"March 10, 2026",Silent / b roll (https://www.notion.so/Silent-b-roll-3025e3769cad80f0b030fe6a52c68065?pvs=21),https://www.instagram.com/reel/DVaOf0ZgAP_/?igsh=MTFsZDlteTM5dXMwZg==,Low,Attract,0,136,0.1%,99.9%,Instagram,https://www.instagram.com/reel/DVur7Vsjil7/?igsh=MTFxbnN0YWR4YTd2eg==,,,6,B roll - Me smiling / reacting,"it doesn’t matter if it takes 2 weeks or 2 monthsm, what matters is that you make every single day count. Life is too short to waste an opportunity to grow",No,,44.35%,3.61,,0,0,Leanin (Slowed) by CorMill https://www.instagram.com/reels/audio/1191591648702238?igsh=bjNkNnRqa3Bnbzll,0
UNFORTUNATELY I DO LOVE,Lifestyle,Trial,"March 10, 2026",Silent / b roll (https://www.notion.so/Silent-b-roll-3025e3769cad80f0b030fe6a52c68065?pvs=21),https://www.instagram.com/reel/DPUIqFIAKa2/?igsh=MXRkcmkycWd0ejJqcA==,Medium,Attract,0,6112,0.1%,99.9%,Instagram,https://www.instagram.com/reel/DVuptDFjtHv/?igsh=eDhzMGV4NXo3eDU4,,,9,"B roll - concerts, traveling, desk work",Unfortunately I do love,No,The real problem is my concert addiction started when ticket prices were normal 🥲,28.79%,7.59,Used -$$$ and +$$$ in green. Had repeatable success with this one later also.  Only with concerts and likes centered around ton delonge. Also I just realized I surpassed the inspo metrics,132,0,https://www.instagram.com/reels/audio/1350059459842805?igsh=bnZiNm1ubjE0cXc2 Dudeitspink original audio,6
The sound I hear when someone tells me it’s dangerous for a women to travel solo,Lifestyle,Trial,"March 10, 2026","Silent / b roll (https://www.notion.so/Silent-b-roll-3025e3769cad80f0b030fe6a52c68065?pvs=21), Templated edits (https://www.notion.so/Templated-edits-3105e3769cad80229d3cfcc158ea4311?pvs=21)",https://www.instagram.com/reel/DU8gZRzkbum/?igsh=dXd2c2toM2J4bXo0,Low,Attract,0,353,0.1%,99.9%,Instagram,https://www.instagram.com/reel/DVuf88jDsOl/?igsh=MXQxcXhoYXVldjcybw==,,Follow @gabby.elyse_ if you’re building a life on your own terms.,3,B roll traveling,The sound I hear when someone tells me it’s dangerous for a women to travel solo,No,"I grew up hearing that women shouldn’t travel alone.

But I’ve always dreamed about becoming a digital nomad — building something online and exploring the world.

So I booked my first international trip.

I’m going to visit the country my ancestors came from.

Sometimes the life you want starts with doing the thing you were told not to.

Follow @gabby.elyse_ if you’re building a life on your own terms.",31.4%,4.17,,0,0,Katilifes original audio https://www.instagram.com/reels/audio/786337480831231?igsh=MXAzb2E5dmh4NWpubg==,0
Habits I wish I started in my 20s:,Mindset,Trial,"March 10, 2026",Silent / b roll (https://www.notion.so/Silent-b-roll-3025e3769cad80f0b030fe6a52c68065?pvs=21),https://www.instagram.com/reel/DVOgkP4jHCr/?igsh=MWFlaTE2ZHd6eWYyZg==,Low,Attract,0,243,0.1%,99.9%,Instagram,https://www.instagram.com/reel/DVuYYlJkRc0/?igsh=MWlwNmp5aW56MXl3cQ==,,I want to hear your habits in the comments below 👇,4,"B roll of me eating at hummus fit ",Habits I wish I started in my 20s:,No,"Caption - 1.	Network with as many people as possible
The old “six degrees of separation” theory said we’re six people away from anyone.
Modern social networks show it’s closer to 3–4 people.

2.	Just start
Fear and paralysis cost more time than failure ever will.

3.	Use a credit card for your gym membership
Pay it every month.
Then lock or cut the card so you don’t overspend.

4.	Travel. Even if you’re alone.
Solo travel is one of the most enriching and self-fulfilling experiences you can give yourself.

5.	Don’t just save. Invest.
Inflation rises. Economies fluctuate.
ETFs compound quietly over time.

6.	Never stop reading and learning
Marketing evolves constantly.
Your value isn’t what you knew yesterday — it’s what you know today.

7.	Don’t hide your passion or support for others
Not everyone has good intentions.
But living with integrity always compounds.

I want to hear your habits in the comments below 👇",53.85%,4.89,,0,0,Love me not by ravynlenae,0
“LOL she’s posting on social media again”,Mindset,Trial,"March 10, 2026","Silent / b roll (https://www.notion.so/Silent-b-roll-3025e3769cad80f0b030fe6a52c68065?pvs=21), Templated edits (https://www.notion.so/Templated-edits-3105e3769cad80229d3cfcc158ea4311?pvs=21)",template https://www.instagram.com/reel/DVhT7LVAlux/?igsh=MXgxZ3M0eTl4MXU2bA==,Low,Nurture,0,407,0.1%,99.9%,Instagram,https://www.instagram.com/reel/DVuWj0OEa9J/?igsh=MWRocGMzMDhidzJiOQ==,,,10,b roll of me talking stitched with footage from the template,“LOL she’s posting on social media again”,No,I’d rather die saying I tried than not tried at all,50.16%,5.66,,8,0,"https://www.instagram.com/reels/audio/26031223703200003?igsh=dzBnMjJ0ZDVmanNx From the template. Contains every living breathing moment by Gabriel piano ",0
"congrats on actually posting, most people don’t even try",Mindset,Trial,"March 10, 2026",Silent / b roll (https://www.notion.so/Silent-b-roll-3025e3769cad80f0b030fe6a52c68065?pvs=21),https://www.instagram.com/reel/DVWhRSXjxv2/?igsh=Y2Y4MW96ODJwNjRj,Low,Nurture,0,253,0.1%,99.9%,Instagram,,,,7,used talking head footage as b roll,"congrats on actually posting, most people don’t even try",No,"If you posted today, I don’t care how many views or followers you have, I’m proud of you.",49.14%,3.69,https://www.instagram.com/reel/DVuXDu7ETwh/?igsh=MXc1bzhsaWI1dHlpMA==,2,0,The Winner Takes it All by ABBA,0
I’m not famous but if you see this please engage!,Mindset,Trial,"March 9, 2026",Silent / b roll (https://www.notion.so/Silent-b-roll-3025e3769cad80f0b030fe6a52c68065?pvs=21),template from https://www.instagram.com/reel/DUwWbKtCUYX/?igsh=MTZnMDl6NzA5OWE5OQ==,Low,Attract,2,309,0.1%,99.9%,Instagram,https://www.instagram.com/reel/DVsBLMxjkNI/?igsh=bzhwY2kxaWJsc3Rh,,please engage,6,b roll at LI Cares,I’m not famous but if you see this please engage! I’m Gabby and my goal is to help others!,No,"Caption - The world needs a caring, honest marketer who cares 💗 I want to be that person",34.93%,4.22,,5,0,Indecision by Sampha,
You used to be the funniest little kid,Passion,Trial,"March 9, 2026",Silent / b roll (https://www.notion.so/Silent-b-roll-3025e3769cad80f0b030fe6a52c68065?pvs=21),i used a template but i can't find it - this is a viral format,Low,Attract,0,442,0.1%,99.9%,Instagram,https://www.instagram.com/reel/DVr7wE4jt6p/?igsh=dnZhZGw0NTU5NDUy,,,6,old photos in HS & contemplating b roll with Ari in my lap,,No,"caption - one minute you’re posing with a skeleton, then the next you’re tryin to figure out how to word an email",38.26%,5.58,,2,0,“You used to be the funniest little kid” talking audio https://www.instagram.com/reels/audio/26253506090932569?igsh=MXc5bW1id2JsZGExdQ==,0
planning to post your baby photos for this trend,Passion,Live,"March 9, 2026","Talking head (https://www.notion.so/Talking-head-3105e3769cad80c59436d446356f6e64?pvs=21), Green screen (https://www.notion.so/Green-screen-3105e3769cad805aa3c9ff15bba97f9b?pvs=21)",,High,Nurture,0,355,38.5%,61.5%,Instagram,https://www.instagram.com/reel/DVrrwyljz54/,,,19,,Planning to post your baby photos for this trend?,Yes,,55.6%,8.4,,6,0,,1
"25 - laid off from my first job, parents just got divorced",Skills,Trial,"March 9, 2026",Silent / b roll (https://www.notion.so/Silent-b-roll-3025e3769cad80f0b030fe6a52c68065?pvs=21),i used a template for this one but i can't find it,Low,Position,0,303,0.1%,99.9%,Instagram,https://www.instagram.com/reel/DVuVG7ij3pS/?igsh=cmR4bThiZjM0OHBs,,,6,old photo of me during that time period / b roll of me working at my desk today,"25
  • laid off from my first job
  • parents just got divorced
  • going through break up
  • loneliest time of my life",No,Caption - There is no magic pill. You just got to fill your cup to fill other’s cup everyday.,47.55%,5.09,,2,0,What do you plan to do if this whole dream of yours doesn’t work out? That thought doesn’t even enter my consciousness - audio by hitomimaatoba https://www.instagram.com/reels/audio/1202765851701780?igsh=MWRydGxzeGIxZHQyMQ==,0
One day your darkest days will help others get through their own <3,Mindset,Trial,"March 9, 2026",Silent / b roll (https://www.notion.so/Silent-b-roll-3025e3769cad80f0b030fe6a52c68065?pvs=21),,Low,Attract,0,283,0.1%,99.9%,Instagram,https://www.instagram.com/reel/DVsCfA0Dg5h/?igsh=bHJodXhjcWJ0eTUw,,"If you’re here, you’re early",4,b roll - me at work / at my desk,One day your darkest days will help others get through their own ❤️,No,"Caption - “Looking back, we were the luckiest people in the world. There was no choice but to be pioneers; no time to be beginners.”

If you’re here, you’re early ❤️",40%,4.23,,2,0,Indecision by Sampha,0
Digital nomad journey (sw0rdgirl template test),Lifestyle,Trial,"March 7, 2026",Silent / b roll (https://www.notion.so/Silent-b-roll-3025e3769cad80f0b030fe6a52c68065?pvs=21),https://www.instagram.com/reel/DSLC9QvCVLB/?igsh=MW1wMTMyenU1ZXo3OA==,Low,Attract,,,,,Instagram,https://www.instagram.com/reel/DVh0395DpEK/?igsh=emV0eDc1bHRrcTc3,,Follow to see where I go next ✈️ ,7,,2017 - it’s too dangerous for women to travel solo,Yes,,,,"Test to show transformation with a proven format that’s worked for me in the past. ",,,Jaredthekong original audio https://www.instagram.com/reels/audio/659939986887515?igsh=MXV3ZXRkNzYwcm1xYg==,
"Digital nomad journey (Skyfall inspired) (7 sec test) ",Lifestyle,Trial,"March 7, 2026",Silent / b roll (https://www.notion.so/Silent-b-roll-3025e3769cad80f0b030fe6a52c68065?pvs=21),https://www.instagram.com/reel/DUyX45cEv4E/?igsh=MXFtZ254MXg2b3ppdA==,Low,Attract,,,,,Instagram,https://www.instagram.com/reel/DVh0395DpEK/?igsh=emV0eDc1bHRrcTc3,,Follow to see where I go next ✈️ ,7,,2018 - never took PTO,Yes,,,,"Further tests to shorten. I don’t think this one did well because of the transformation footage I used. I was smiling but it was dark and didn’t add to anything related to traveling. ",,,Breakaway - Kelly Clarkson,
"Normal Never Wins Episode 1 - @benlapidusmusic ",Skills,Live,"March 7, 2026","Green screen (https://www.notion.so/Green-screen-3105e3769cad805aa3c9ff15bba97f9b?pvs=21), Reaction (https://www.notion.so/Reaction-3105e3769cad80aab641ce8774170173?pvs=21)",,High,Position,0,358,28.3%,71.7%,Instagram,https://www.instagram.com/gabby.elyse_/reel/DVlmKIzDl3h/,roiinmarketing and mjonesone,Follow for more breakdowns of unconventional marketing that actually cuts through the noise. 😉,81,had to record my reaction and green screen it over the video,why is no one talking about this musician’s genius marketing stunt?,Yes,https://chatgpt.com/share/69af143c-5264-8009-ae56-66e820809f29,47.22%,14.7,visual hook wasn’t framed good. I also felt like i mixed formats (reaction and green screen). I could also make the value punchier - i think i went too far trying to add value,9,2,,0
Digital nomad journey (Skyfall inspired) (23 sec test),Lifestyle,Trial,"March 5, 2026",Silent / b roll (https://www.notion.so/Silent-b-roll-3025e3769cad80f0b030fe6a52c68065?pvs=21),https://www.instagram.com/reel/DUyX45cEv4E/?igsh=MXFtZ254MXg2b3ppdA==,Medium,Attract,,,,,Instagram,https://www.instagram.com/reel/DVh0395DpEK/?igsh=emV0eDc1bHRrcTc3,,Follow to see where I go next ✈️ ,23,,2018 - for a long time my job and the gym was my entire identity,Yes,,,,"Shortened it after seeing the retention graph and watching Jun’s creator collab on the retention graph ",,,Breakaway - Kelly Clarkson,
Food debates (TRIAL),Mindset,Live,"March 2, 2026",Silent / b roll (https://www.notion.so/Silent-b-roll-3025e3769cad80f0b030fe6a52c68065?pvs=21),i used the cadence from this video: https://www.instagram.com/reel/DUxhMFXDDQQ/?igsh=dHJxN2ZmZGRoeGkw,High,Attract,0,1412,0.1%,99.9%,Instagram,https://www.instagram.com/gabby.elyse_/reel/DVX6FiVjmlc/,,"If you’re inspired to live unapologetically in your own identity, whatever that may look like for you, follow along",15,"Peach and pine sandwich. March 1st 2026. I would retake this with the chest harness for better stabilization. ","A hard truth I learned about food debates is it’s not about food, it’s about identity.",Yes,https://chatgpt.com/g/g-p-6869b87602948191bfcd3140a8f7c404-personal-brand/c/69a4e6db-afcc-8333-956a-0d592c5d7d40,38.61%,5.67,,14,0,Spring is Coming - Morunas (trending) https://www.instagram.com/reels/audio/2402566166608144/,1
Food debates (GOOD messaging),Mindset,Live,"March 2, 2026",Silent / b roll (https://www.notion.so/Silent-b-roll-3025e3769cad80f0b030fe6a52c68065?pvs=21),i used the cadence from this video: https://www.instagram.com/reel/DUxhMFXDDQQ/?igsh=dHJxN2ZmZGRoeGkw,High,Attract,0,1963,5%,95%,Instagram,https://www.instagram.com/gabby.elyse_/reel/DVX6FiVjmlc/,,"If you’re inspired to live unapologetically in your own identity, whatever that may look like for you, follow along",16,"Peach and pine sandwich. March 1st 2026. I would retake this with the chest harness for better stabilization. ","A hard truth I learned about food debates is it’s not about food, it’s about identity.",Yes,https://chatgpt.com/g/g-p-6869b87602948191bfcd3140a8f7c404-personal-brand/c/69a4e6db-afcc-8333-956a-0d592c5d7d40,34.25%,7.08,,20,2,Spring is Coming - Morunas (trending) https://www.instagram.com/reels/audio/2402566166608144/,0
Unpopular opinion: normal never wins,Skills,Live,"February 28, 2026",Talking head (https://www.notion.so/Talking-head-3105e3769cad80c59436d446356f6e64?pvs=21),,Low,Nurture,0,533,16.3%,83.7%,Instagram,https://www.instagram.com/reel/DVVEwz8jYUR/?igsh=MXU4Nm5oNnBqMGk3ZQ==,,,16,BTS recording - spontaneous,unpopular opinion: normal never wins,No,"Unpopular opinion: normal never wins.

But bold without strategy doesn’t either.

So I’m building a series breaking down the moments that looked reckless…
but were actually strategic

And if you’re serious about building something that lasts —
you need to know the difference.",40.66%,5.87,,14,3,,0
"I used to think if I keep my head down my work would speak for itself ",Skills,Live,"February 27, 2026",Talking head (https://www.notion.so/Talking-head-3105e3769cad80c59436d446356f6e64?pvs=21),,High,Position,2,2080,7.2%,92.8%,Instagram,https://www.instagram.com/reel/DVSXmoLjnx-/?igsh=dXA3ZzJneDBnZ2o=,,Are you communicating or explaining?,31,Recorded day of,"Visual text hook- “ I used to think if I kept my head down and did excellent work, people would notice”. 

Spoken hook - “if you’re the youngest person in the room and leadership isn’t taking you seriously. It’s probably your skill“",Yes,https://docs.google.com/document/d/1w1e9VvReR2n0S8MgZOznTBhaH5-pXi1ghgB1PRxGjPA/edit?tab=t.0,23.87%,14.3,"Lighter visual hook worked
”wait for it.. almost there” messaging in the middle of the video worked
Drop off may have been because the payoff was too early (”it’s your communication skills!”)
I do think the skills callout was strong though - “it’s you, it’s your skill” in the hook - created tension and open loop",26,2,None,4
Aren’t you embarrassed posting like an influencer without any followers,Lifestyle,Live,"February 25, 2026",Silent / b roll (https://www.notion.so/Silent-b-roll-3025e3769cad80f0b030fe6a52c68065?pvs=21),https://www.instagram.com/reel/DR_JlMVESl5/?igsh=MTA2N2FodGV3OWphNQ==,Low,Attract,1,2194,13.7%,86.3%,Instagram,https://www.instagram.com/reel/DVNVYhBjjfa/?igsh=MWJsY3UwdjIyMHdkcg==,,Might as well follow along while you’re here 🙂,12,"AC talking head footage used as b roll. Me rubbing my eyes and sobbing b roll. ",“Aren’t you embarrassed to post like an influencer when you hardly have any followers?”,No,,31.22%,7.88,,75,16,And probably will be for life https://www.instagram.com/reel/DVNVYhBjjfa/?igsh=MWJsY3UwdjIyMHdkcg==,3
"I think you should stop taking advice from ",Mindset,Live,"February 24, 2026",Silent / b roll (https://www.notion.so/Silent-b-roll-3025e3769cad80f0b030fe6a52c68065?pvs=21),,,Attract,,486,6%,94%,Instagram,https://www.instagram.com/reel/DU671w1DzdV/?igsh=bTh6aHU3Z2hnbnE2,,,6,,You know what I think? I think you should stop taking direction from people who have never been to where you want to go,No,,42.3%,4,,9,,https://www.instagram.com/reels/audio/25544679721864898?igsh=MWQyYXo1cHdzYTZ0dg==,1
what if i have no one to go with?,Mindset,Live,"February 20, 2026","Silent / b roll (https://www.notion.so/Silent-b-roll-3025e3769cad80f0b030fe6a52c68065?pvs=21), Relatable/Entertainment (https://www.notion.so/Relatable-Entertainment-3105e3769cad805d82fdc631584da316?pvs=21)",,Low,Attract,,302,,,Instagram,https://www.instagram.com/gabby.elyse_/reel/DVAIqB5kZzI/,,"Follow if you’re building your life, even if you’re building it on your own terms ✨",15,,what if i have no one go to with?,No,"what if i have no one go to with?

go alone.",43.9%,6,,21,2,https://www.instagram.com/reels/audio/915005211038774/?e=64191a24-9157-4d51-b075-10a192d566f7&g=5 https://www.instagram.com/reels/audio/915005211038774/?e=b126dd36-1f85-4b4e-9bcf-a36887e836b2&g=5,
Oct 2025 vs Feb 2026 - me thinking i don’t need cardio to see results,Lifestyle,Live,"February 19, 2026",Silent / b roll (https://www.notion.so/Silent-b-roll-3025e3769cad80f0b030fe6a52c68065?pvs=21),,Low,Nurture,2,2747,7.7%,92.3%,Instagram,https://www.instagram.com/gabby.elyse_/reel/DU7VZSKDvRi/,,,7,,"October 2025
Me thinking i don’t need cardio to see results",No,,28%,6,"template used

11 saves",28,2,"the porsche engineers knew exactly - jaredthatkong https://www.instagram.com/reels/audio/659939986887515/?e=b09100f6-c4bf-4f2a-bb8b-e3dde44df12f&g=5 ",2
nobody is stressed more than the girl in her 30s who feels behind,Mindset,Live,"February 19, 2026","Silent / b roll (https://www.notion.so/Silent-b-roll-3025e3769cad80f0b030fe6a52c68065?pvs=21), Relatable/Entertainment (https://www.notion.so/Relatable-Entertainment-3105e3769cad805d82fdc631584da316?pvs=21)",,Low,Attract,1,2826,4%,96%,Instagram,https://www.instagram.com/gabby.elyse_/reel/DU51MczDgre/,,,6,,Nobody is more stressed than a girl in her 30s thinking she’s running out of time,Yes,,33.6%,5,"24  saves

trending template used

dips below 51% at 4s",135,3,"natalia,vegaj original audio https://www.instagram.com/reels/audio/3083766395125469/?e=6a357d99-89ea-4c94-8f50-f8aaca5b488b&g=5",3
“how’s the content creation thing going?”,Skills,Live,"February 18, 2026",Silent / b roll (https://www.notion.so/Silent-b-roll-3025e3769cad80f0b030fe6a52c68065?pvs=21),,Low,Attract,,1029,21.5%,78.5%,Instagram,https://www.instagram.com/gabby.elyse_/reel/DU6YRYggebB/,,"if this feels like you too, introduce yourself below! let’s connect.",8,,“how’s that content creation thing going??”,No,,34.8%,7,used the trending template verbtim,9,7,sravysphere - original audio https://www.instagram.com/reels/audio/26125513073768036/?e=a869deea-b193-4f99-b842-996f62f413d7&g=5,
position attempt - sucess in content has more to do with patterns,Skills,Live,"February 16, 2026",Silent / b roll (https://www.notion.so/Silent-b-roll-3025e3769cad80f0b030fe6a52c68065?pvs=21),,Low,Convert,,527,23.8%,76.2%,Instagram,https://www.instagram.com/reel/DU1-3vcDt6x/?igsh=MWk0azVoaWpsa2c0ag==,,Comment CONTENT below to join the early list.,3,,Success in content has less to do with talent and more to do with studying the patterns.,No,,50%,4,,8,4,Firewalkbr original audio https://www.instagram.com/reels/audio/25420908284278400?igsh=MTViMWcxOTVneWttNg==,
nin - most people think concerts are about the music,Passion,Live,"February 15, 2026","Silent / b roll (https://www.notion.so/Silent-b-roll-3025e3769cad80f0b030fe6a52c68065?pvs=21), Relatable/Entertainment (https://www.notion.so/Relatable-Entertainment-3105e3769cad805d82fdc631584da316?pvs=21)",,Low,Attract,,1079,8.3%,91.7%,Instagram,https://www.instagram.com/gabby.elyse_/reel/DUzeLmZDiPP/,,,17,,"Text/visual - Most people think concerts are about the music. But sometimes they’re about the people behind it.

Spoken - (reznor) “the older you get the more aware that time is fleeting…”",No,,38.4%,6,"the format, pillar, and funnel identificaiton is messier than it should be 

it could be lifestyle - or passion
from a technical (low int) this is attract
but the content is trying to do nurture (no cta)",16,1,,1
long distance - what do all these couples have in common?,Lifestyle,Live,"February 14, 2026","Relatable/Entertainment (https://www.notion.so/Relatable-Entertainment-3105e3769cad805d82fdc631584da316?pvs=21), Talking head (https://www.notion.so/Talking-head-3105e3769cad80c59436d446356f6e64?pvs=21)",,High,Attract,,497,,,Instagram,https://www.instagram.com/gabby.elyse_/reel/DUvayPUDT6p/,,"if you’re building something too, you’re in the right place",43,,spoken - “stop saying long distance doesn’t work”,Yes,,52.3%,10,"i would make my head smaller next time

green screen color filtering through",25,11,,
songs that prove we were spoiled in the 2000s,Passion,Live,"February 13, 2026",Relatable/Entertainment (https://www.notion.so/Relatable-Entertainment-3105e3769cad805d82fdc631584da316?pvs=21),i need to find it,High,Attract,,2258,5.3%,94.7%,Instagram,https://www.instagram.com/gabby.elyse_/reel/DUuCNFZDx6Z/,,"What song did I miss? 👇

and follow if this era raised you 🤍",53,,"spoken - most people call it old, i like to call it refined

visual hook - yellow and red outlined, unique font with strong contrast against compilation of familiar celeb faces
”songs that prove we were spoiled in the 2000s”",Yes,,41.3%,10,,55,7,compliation mix,4
age trend - embarassed to admit that..,Mindset,Live,"February 12, 2026",Silent / b roll (https://www.notion.so/Silent-b-roll-3025e3769cad80f0b030fe6a52c68065?pvs=21),,Low,Attract,2,2930,4.6%,95.4%,Instagram,https://www.instagram.com/gabby.elyse_/reel/DUb-885D521/,,If you’re figuring things out later than you expected…. you’re not alone.,6,,I’m in my early 30s and i’m embarassed to admit that,No,,36.5%,9,asked questions on the content audit call on this one,21,4,the night we met - lord huron https://www.instagram.com/reels/audio/495072987594427/?e=c31f6314-ce65-4422-963a-b1b58951c5f2&g=5,
Every long distance couple this weekend,Lifestyle,Live,"February 12, 2026",Silent / b roll (https://www.notion.so/Silent-b-roll-3025e3769cad80f0b030fe6a52c68065?pvs=21),,High,Position,,1515,7.9%,92.1%,Instagram,https://www.instagram.com/gabby.elyse_/reel/DUpgMXZDthQ/,,,10,,"“Every long distance couple this weekend:
Good morning (heart emoji)”",Yes,,74.4%,4,refer to content audit - short form review,15,,come and get your love by redbone,3
"most people think of success in headlines, watching brad arnold reminds us connection matters",Mindset,Live,"February 10, 2026",Silent / b roll (https://www.notion.so/Silent-b-roll-3025e3769cad80f0b030fe6a52c68065?pvs=21),,Low,Attract,48,44846,1.9%,98.1%,"Facebook, Instagram",https://www.instagram.com/gabby.elyse_/reel/DUmgceqjhgJ/,,"If connection matters more to you than comparison, you’re welcome here. 🤍

Follow along.",12,,Most people think of success in headlines. Watching Brad Arnold reminds us that connection still matters.,Yes,,30.7%,9,"interesting, these brad arnold reels were sent to men more than women
likely because 3 doors down fits the “divorced dad rock” genre",4335,35,,93
“how can you grieve someone you never met”,Mindset,Live,"February 9, 2026",Silent / b roll (https://www.notion.so/Silent-b-roll-3025e3769cad80f0b030fe6a52c68065?pvs=21),,Low,Nurture,,3491,6.6%,93.4%,Instagram,https://www.instagram.com/p/DUj8WoijpIE/,,,8,,“how can you grieve someone you’ve never met?”,Yes,"“how can you grieve someone yo’ve never met?”
grief isn’t about knowing them, it’s about what they meant to you ",34.2%,7,,206,11,Here Without You - 3 Doors Down (trending),8
"headlines are focusing on brad arnold’s passing, but missing moments he helped others",Passion,Live,"February 8, 2026",Silent / b roll (https://www.notion.so/Silent-b-roll-3025e3769cad80f0b030fe6a52c68065?pvs=21),,Low,Attract,48,199089,1.5%,98.5%,Instagram,https://www.instagram.com/gabby.elyse_/reel/DUgK4HOEZlx/,,"If connection matters more to you than comparison, you’re welcome here. 🤍

Follow along.",21,,"headlines are focusing on Brad Arnold’s fight with cancer, but missing moments like this where he made people feel seen.",Yes,,22.1%,12,message: headlines /big media dehumanize celebrity death,18487,112,,555
why don’t celebrity deaths matter?,Lifestyle,Live,"February 7, 2026",Talking head (https://www.notion.so/Talking-head-3105e3769cad80c59436d446356f6e64?pvs=21),,High,Nurture,49,55684,1%,99%,"Facebook, Instagram",https://www.instagram.com/gabby.elyse_/reel/DUeyUUhDmpu/,,,40,,"spoken - “why is nobody talking about the celebrity who died today?”
text - why don’t celebrity deaths matter?",Yes,,22.9%,19,,4154,80,,217
“am i ready” “ill start anyway” split screen carousel,Mindset,Live,"February 5, 2026","Split Screen (https://www.notion.so/Split-Screen-2f35e3769cad8171bf1ccdef89ca350a?pvs=21), Relatable/Entertainment (https://www.notion.so/Relatable-Entertainment-3105e3769cad805d82fdc631584da316?pvs=21)",,Low,Attract,,461,87%,13%,Instagram,https://www.instagram.com/gabby.elyse_/p/DUYXBnZjszK/,,"If you’re still in your “before,” you’re not behind, you’re putting in the reps.And if this resonates, you’re in the right place.",,,"“am I ready?” “ill start anyway”
",No,"“am I ready?” “ill start anyway”
”will they like me?” “ill be fine either way”
”i avoid conflict” “i advocate for myself”
says yes out of fear vs sets boundaries for protection
",,,"strong transformation visuals support text hooks
broad enough to be relatable",23,4,i love her by vugoki,
Week 2: Creating Gabby,Lifestyle,Live,"February 4, 2026",Voiceover (https://www.notion.so/Voiceover-3105e3769cad80089cf9dad2413d9db5?pvs=21),,High,Nurture,,380,41%,59%,Instagram,https://www.instagram.com/gabby.elyse_/reel/DUW3olSj4uK/,,,22,,"Week 2 - Creating Gabby (title card)

spoken - no text - “most people think content creation’s easy but it is not”",No,,62.1%,9,"need to pull feedback from my coach on this one. i used this for a content audit

i remember her encouarging me to use the vlog template
bring viewer into my world",10,1,Evergreen by Richy Mitch & the Coal Miners https://www.instagram.com/reels/audio/193374545400363/?e=09135b9b-296e-4626-adf5-edfc388037cc&g=5,
Everything I ate in AC - vegan,Lifestyle,Live,"February 3, 2026",,,Medium,Nurture,,198,78.8%,21.2%,Instagram,https://www.instagram.com/gabby.elyse_/p/DUUcTeUDuUn/,,,,,everything i ate in atlantic city,No,,,,"carousel, canva template
3 profile visits",8,1,"Reset, restart, refocus - the cozy lofi https://www.instagram.com/reels/audio/1533417694270019?igsh=MXNhanhtZ2g5cnA0eA==",
A hard truth about corporate - hottest years,Mindset,Live,"February 2, 2026","Silent / b roll (https://www.notion.so/Silent-b-roll-3025e3769cad80f0b030fe6a52c68065?pvs=21), Relatable/Entertainment (https://www.notion.so/Relatable-Entertainment-3105e3769cad805d82fdc631584da316?pvs=21)","i took the trending hook from somewhere, i forget",Low,Attract,,619,20.7%,79.3%,Instagram,https://www.instagram.com/gabby.elyse_/reel/DUSCVH6Dpwx/,,,4,,A hard truth about corporate is realizing you’re spending your hottest years replying to emails,No,,30.8%,5,"comments drew a positive reaction to relability

b roll supports pensive / revelation / shower thoughts vibe

1 save… interesting lol",1,2,,
“I’d never conform or fall in line” somehow ended up doing both,Mindset,Live,"January 31, 2026","Silent / b roll (https://www.notion.so/Silent-b-roll-3025e3769cad80f0b030fe6a52c68065?pvs=21), Relatable/Entertainment (https://www.notion.so/Relatable-Entertainment-3105e3769cad805d82fdc631584da316?pvs=21)",https://www.instagram.com/barbellsandbreakdownss/reel/DUKFZ6gDXN6/,Low,Attract,,507,26.3%,73.7%,Instagram,https://www.instagram.com/gabby.elyse_/reel/DUMmnSwESH3/,,,10,,“I said I’d never conform or fall in line… and somehow i ended up doing both.”,No,,36.6%,6,"1 save

Self investment is never a waste. 2026, we’re coming for you.",11,1,Fat Lip by Sum 41 (tagged),
Sum 41 - grieved favorite bands like it was personal - 1/30,Lifestyle,Live,"January 30, 2026",Silent / b roll (https://www.notion.so/Silent-b-roll-3025e3769cad80f0b030fe6a52c68065?pvs=21),,Low,Attract,,1027,7.3%,92.7%,Instagram,https://www.instagram.com/gabby.elyse_/reel/DUJ70kZjygW/,,,9,,"“if you’ve ever grieved the breakup of your favorite bands like it was personal, just know you’re not the only one”",No,,35.8%,6,"2 reshares

content mostly served to men, which i found interesting

hook taken from CC viral hook library",20,1,welcome to hell by sum 41 (not tagged),
leave new york - carousel,Lifestyle,Live,"January 29, 2026",,,Low,Attract,,116,91.4%,8.6%,Instagram,https://www.instagram.com/gabby.elyse_/p/DUHsk-YjnhI/,,,,,“leave new york”,No,,,,Carousel,4,,NONE - next time tag music - helps appear in Discover,
“hopping on it”,Mindset,Live,"January 28, 2026","Silent / b roll (https://www.notion.so/Silent-b-roll-3025e3769cad80f0b030fe6a52c68065?pvs=21), Relatable/Entertainment (https://www.notion.so/Relatable-Entertainment-3105e3769cad805d82fdc631584da316?pvs=21)",,Low,Nurture,,214,56.2%,43.8%,Instagram,https://www.instagram.com/gabby.elyse_/reel/DUE9GcwkULL/,,,4,,text hook - 10am teams ping,No,,58.3%,7,,7,1,My Name is - Eminem,
Week 1: Creating Gabby,Lifestyle,Live,"January 26, 2026",Voiceover (https://www.notion.so/Voiceover-3105e3769cad80089cf9dad2413d9db5?pvs=21),,High,Nurture,,218,57.3%,42.7%,Instagram,https://www.instagram.com/gabby.elyse_/reel/DT_7hNuDvpX/,,,29,,"Week 1 - Creating Gabby (title card)

spoken - no text - “I know I’m not the only one who doesn’t know who they want to be when they grow up”",No,,54.7%,14,need to pull feedback from my coach on this one. i used this for the first content audit,11,5,Evergreen by Richy Mitch & the Coal Miners https://www.instagram.com/reels/audio/193374545400363/?e=09135b9b-296e-4626-adf5-edfc388037cc&g=5,
“this will get you pregnant.docx”,Mindset,Live,"January 25, 2026",Silent / b roll (https://www.notion.so/Silent-b-roll-3025e3769cad80f0b030fe6a52c68065?pvs=21),,Low,Nurture,,13096,3%,97%,Instagram,https://www.instagram.com/gabby.elyse_/reel/DT8ynPiDxB9/,,,4,,"“when you’re 18, you’ll write a poem you’re really proud of

whatever you do, don’t name the file “this will get you pregnant.”

you’ll never find it again”",No,,26.3%,6,"sharp drop at 3s - content was readable in 3s
placement of text, centered,, with enough contrast helped

also did comparative research 
played on the age trend
more opportunities here to explore

mostly send to women - probably because of the “this will get you pregnant” messaging",13,6,hotline by billie ellish,
30 days of posting consistently,Mindset,Live,"January 25, 2026",Silent / b roll (https://www.notion.so/Silent-b-roll-3025e3769cad80f0b030fe6a52c68065?pvs=21),,Low,Position,,701,28.1%,71.9%,Instagram,https://www.instagram.com/gabby.elyse_/reel/DT69RkHDlCy/,,"“if you’re on a similar journey, follow aloing fo rmore insights and honest creator stories”",3,,“here’s what 30 days of consistent posting really taught me”,No,,45.4%,6,,11,7,Evergreen - Richy Mitch & the Coal Miners https://www.instagram.com/reels/audio/193374545400363/?e=e873a51c-b86f-4b57-aa77-6e74e9406255&g=5,
“happy friday!” the team has changes,Lifestyle,Live,"January 23, 2026",Silent / b roll (https://www.notion.so/Silent-b-roll-3025e3769cad80f0b030fe6a52c68065?pvs=21),,Low,Attract,,510,27.7%,72.3%,Instagram,https://www.instagram.com/gabby.elyse_/reel/DT4BzkMjt_3/,,,4,,"“happy friday! the team had some changes”
65 comments",No,,42.7%,7,"1 save

the head nodding was too exaggerated - Joe pointed it ouit

beat drop does not show a transformation
this format is really mismatched",6,6,just trust me you’ll be fine - i dont think i tagged it tho?,
Aerial Silks meme - my friends and family scrolling IG,Lifestyle,Live,"January 22, 2026",Meme (https://www.notion.so/Meme-3115e3769cad8058a7a3e0ce6b9728da?pvs=21),,Medium,,,341,19.3%,80.7%,Instagram,https://www.instagram.com/gabby.elyse_/reel/DT00YB5j8Z6/,,,4,,"“my friends and family scrolling IG”
me: [upside down on silks]",No,,55%,4,"used AI to format the meme 
learned overlay features through this post",4,1,,
pov: perfect take - didn’t hit record,Lifestyle,Live,"January 20, 2026",Silent / b roll (https://www.notion.so/Silent-b-roll-3025e3769cad80f0b030fe6a52c68065?pvs=21),,Low,Position,,589,16.1%,83.9%,Instagram,https://www.instagram.com/gabby.elyse_/reel/DTrpDc_jvll/,,,6,,,No,,35.3%,5,,15,6,"“that..was.. rude.. that.. was pretty fricken rude” 
notsobigd.ig original audio - https://www.instagram.com/reels/audio/4074348952806398/?e=a0b6bdbe-305b-486c-bc71-fd7e0d355440&g=5",
when you follow up and end up with your mngr’s work,Lifestyle,Trial,"January 19, 2026",Silent / b roll (https://www.notion.so/Silent-b-roll-3025e3769cad80f0b030fe6a52c68065?pvs=21),,Low,Nurture,,229,0.1%,99.9%,Instagram,https://www.instagram.com/reel/DTrlJENjrom/?igsh=YmVremsyaHllcHlq,,,6,,When you follow up for clarity and end up with middle managements tasks,No,,41.1%,8,,,,That… was… rude https://www.instagram.com/reels/audio/4074348952806398?igsh=bGN6d2w0YjJ4ZDVq,
Creator College Webinar event - Peach&Pine Appreciation photo,Lifestyle,Live,"January 17, 2026",,,Low,Nurture,2,300,30%,70%,Instagram,https://www.instagram.com/gabby.elyse_/p/DTof-U0j6XC/,,,,,,No,,,,,7,2,,
Plant Fitness keychain - Random acts of Kindness,Mindset,Live,"January 16, 2026",,,Low,Attract,,186,25%,75%,Instagram,https://www.instagram.com/gabby.elyse_/p/DTmUF4Wjisz/,,,,,,No,,,,"Photo

Didn’t get a lot of views but the caption held meaning, touched a lot of people.
Caption was on values e.g. how random acts of kindness impact others

2 profile visits also",10,2,,
Hips Key / Cupid / Secretary Seat Aerial Silks,Lifestyle,Live,"January 14, 2026",Silent / b roll (https://www.notion.so/Silent-b-roll-3025e3769cad80f0b030fe6a52c68065?pvs=21),,Low,Nurture,1,385,28.6%,71.4%,"Facebook, Instagram",https://www.instagram.com/gabby.elyse_/reel/DThHIGlDhVK/,,,7,,,No,,48.9%,5,,9,,Cinema by Gary Go,
comment reply - dali x disney collab,Mindset,Live,"January 13, 2026",Green screen (https://www.notion.so/Green-screen-3105e3769cad805aa3c9ff15bba97f9b?pvs=21),,Medium,Attract,,1161,7.1%,92.9%,Instagram,https://www.instagram.com/gabby.elyse_/reel/DTeer6xDrwE/,,,3,,“being polite is now considered simpling?”,No,,37.7%,4,"  • reply left on viral video
  • 2 saves",8,,,
trying to figure out how to tell my cat to move,Mindset,Live,"January 12, 2026","Silent / b roll (https://www.notion.so/Silent-b-roll-3025e3769cad80f0b030fe6a52c68065?pvs=21), Relatable/Entertainment (https://www.notion.so/Relatable-Entertainment-3105e3769cad805d82fdc631584da316?pvs=21)",,Low,Attract,,1156,13.1%,86.9%,Instagram,https://www.instagram.com/gabby.elyse_/reel/DTY6bvpD8Gt/,,,3,,Me trying to figure out how to nicely ask my cat to move so i can work,No,,37.7%,4,"3 reposts

Ari - good visual  hook in addition to text hook
My face added to the video
I used a filter on this also but I dont like it looking back

Caption made a funny statement about my cat moving after hearing the tagged song “move bitch”",17,1,Move Bitch by Ludacris,
Shoulder press PR 1/11,Lifestyle,Live,"January 11, 2026",Silent / b roll (https://www.notion.so/Silent-b-roll-3025e3769cad80f0b030fe6a52c68065?pvs=21),,Low,Attract,,321,16.7%,83.3%,Instagram,https://www.instagram.com/gabby.elyse_/reel/DTY6bvpD8Gt/,,The journey continues next week. Hoping to continue this weight with adjustments next week. Follow to see how I do.,6,,,No,,54.3%,4,,2,,,
Abs - fitness 1/10/26,Lifestyle,Live,"January 10, 2026",,,Low,Attract,,412,80.8%,19.2%,Instagram,https://www.instagram.com/gabby.elyse_/p/DTWjSq4kUIY/,,,,,,No,,,,"Photo

16 profile visits LOL",3,,none - may have affected it,
the sun will rise tomorrow quote,Mindset,Live,"January 9, 2026",Silent / b roll (https://www.notion.so/Silent-b-roll-3025e3769cad80f0b030fe6a52c68065?pvs=21),,Low,,,174,14.2%,85.8%,Instagram,https://www.instagram.com/gabby.elyse_/reel/DTT1s1LD2CZ/,,,5,,,No,,83.6%,2,,2,,What was I made for? (instrumental) by Wheeler,
Flying Gazelle Silks,Lifestyle,Live,"January 8, 2026",Silent / b roll (https://www.notion.so/Silent-b-roll-3025e3769cad80f0b030fe6a52c68065?pvs=21),,Low,Attract,,381,73%,27%,Instagram,https://www.instagram.com/gabby.elyse_/reel/DTRmv4uDvMH/,,,3,,,No,,54.5%,4,Carousel,6,3,Ooh Ahh (My Life be Like) by officialgrits,
POV you tell your gf about your side project,Passion,Live,"January 7, 2026","Silent / b roll (https://www.notion.so/Silent-b-roll-3025e3769cad80f0b030fe6a52c68065?pvs=21), Relatable/Entertainment (https://www.notion.so/Relatable-Entertainment-3105e3769cad805d82fdc631584da316?pvs=21)",,Low,Attract,,2413,8.4%,91.6%,Instagram,https://www.instagram.com/gabby.elyse_/reel/DTOwfLvjwIS/,,,5,,text - pov: you tell your girlfriend about your side project,No,,29.4%,6,"successfully targeted men experimenting with the hook messaging on trial reels

”you tell your girlfriend” is what did it 
also helps the viewer see themselves in your world?",9,,fortunate son - CCR,
Post holiday Q1 strategy,Lifestyle,Live,"January 6, 2026","Silent / b roll (https://www.notion.so/Silent-b-roll-3025e3769cad80f0b030fe6a52c68065?pvs=21), Relatable/Entertainment (https://www.notion.so/Relatable-Entertainment-3105e3769cad805d82fdc631584da316?pvs=21)",,Low,Attract,,538,18.4%,81.6%,Instagram,https://www.instagram.com/gabby.elyse_/reel/DTMcSuYjvw8/,,,5,,"text hook - Me, 1 hour back from holiday break, pretending I understand the Q1 strategy",No,,32.7%,5,,4,,"Bingle Bongle Dingle Dangle, trending https://www.instagram.com/reels/audio/730957808347076/",
Cats luck Neptune city,Lifestyle,Live,"January 5, 2026",,,Low,,,178,73%,27%,Instagram,https://www.instagram.com/p/DTJR-o3j071/?igsh=NXpxdGZhMWszaGJi,,,,,,No,,,,Carousel,2,,Little Life Robert Gromotka,
2026 communication books,Lifestyle,Live,"January 4, 2026",,,Low,Attract,,157,74.5%,25.5%,Instagram,https://www.instagram.com/p/DTJR-o3j071/?igsh=NXpxdGZhMWszaGJi,,,,,I’m reading these books in 2026 so I stop saying “that’s not what I meant”,No,,,,"1 profile visit ",2,,Next chapter Gabriel Albuquerque,
Aerial silks Neptune City,Lifestyle,Live,"January 3, 2026","Talking head (https://www.notion.so/Talking-head-3105e3769cad80c59436d446356f6e64?pvs=21), Voiceover (https://www.notion.so/Voiceover-3105e3769cad80089cf9dad2413d9db5?pvs=21)",,Medium,Nurture,,368,38.9%,61.1%,Instagram,https://www.instagram.com/reel/DTD_7bJD6PA/?igsh=bzJkemFtaGt6cHFm,,,62,,"It is a brisky 32 degrees, feels like 27, in Neptune city ",No,,47.1%,15,"Attracted more women ",14,2,,1
why some women don’t like their man to have hobbies,Passion,Trial,"January 2, 2026",Silent / b roll (https://www.notion.so/Silent-b-roll-3025e3769cad80f0b030fe6a52c68065?pvs=21),,Low,Nurture,,1989,0.1%,99.9%,Instagram,https://www.instagram.com/reel/DTB899mDpSK/?igsh=MWN1ZHoyNGE3eThkcg==,,,4,,"Yall please help me understand why some women don’t like their man to have hobbies ",No,,26%,4,,,,"elizabethbanks - “just the other day, i heard a hoe say…” https://www.instagram.com/reels/audio/25495732563451821?igsh=MWQwZHU5ZTBvbHk0ZA==",
Watching something he loved slowly disappear,Passion,Live,"January 2, 2026",Silent / b roll (https://www.notion.so/Silent-b-roll-3025e3769cad80f0b030fe6a52c68065?pvs=21),,Low,Nurture,,2505,7.6%,92.4%,Instagram,https://www.instagram.com/reel/DTCNOGVjmRL/?igsh=MXQ2c3NoaHlndjBlOQ==,,,3,,"Watching something he loved slowly disappear changed how I see control ",No,,31.6%,5,,8,1,Just the other day I heard a hoe say https://www.instagram.com/reels/audio/25495732563451821?igsh=MWQwZHU5ZTBvbHk0ZA==,
New Years contrarian,Mindset,Live,"January 1, 2026",Silent / b roll (https://www.notion.so/Silent-b-roll-3025e3769cad80f0b030fe6a52c68065?pvs=21),,Low,Attract,2,300,30%,70%,Instagram,https://www.instagram.com/reel/DS-4feIjzY6/?igsh=MXBnZGNxaGk5NWNqeg==,,,4,,"It’s not about what you do in January that creates change. It’s what you do all year. ",No,,38.8%,4,,3,,"astromortus original audio, trending, “it’s about keeping your world clear enough” https://www.instagram.com/reels/audio/1052630003569111?igsh=dmJ2ZWxianJibHdm",
10 year Fitness journey,Lifestyle,Live,"December 31, 2025",Silent / b roll (https://www.notion.so/Silent-b-roll-3025e3769cad80f0b030fe6a52c68065?pvs=21),juns skyfall,High,Attract,0,469,39.7%,60.3%,Instagram,https://www.instagram.com/reel/DS6kM06jtsU/?igsh=MWlqcGg5dWt2Y2R1ZQ==,,,27,,2016 - started with 15 minutes a day,No,,44.1%,13,,19,5,Taio Cruz Like a Star,
New Year’s Eve 2026,Mindset,Live,"December 31, 2025",,,Low,Nurture,,177,,,Instagram,https://www.instagram.com/p/DS7qFtJjt_n/?igsh=bDc5emhwMndsd2sz,,,,,,No,,,,Photo,3,,Work bitch by Britney Spears,
contrarian AI talking head,Skills,Live,"December 29, 2025",Talking head (https://www.notion.so/Talking-head-3105e3769cad80c59436d446356f6e64?pvs=21),,Medium,Position,,545,33.9%,66.1%,"Facebook, Instagram",https://www.instagram.com/reel/DS23GbFj4BX/?igsh=N2JkMmRncmFrOG9k,,,16,,,No,,46.9%,9,,1,,,
Creator college creator Journey advent entry,Lifestyle,Live,"December 28, 2025",Silent / b roll (https://www.notion.so/Silent-b-roll-3025e3769cad80f0b030fe6a52c68065?pvs=21),,High,Attract,,409,36.3%,63.7%,"Facebook, Instagram",https://www.instagram.com/reel/DSz6l5SjgMn/?igsh=MTA0enhuazgybTl0Mw==,,,,,Day 0 ”does this angle work”? “Will this flop?”,No,,,,,,,Pink panther Illegal https://www.instagram.com/reels/audio/1242537457228514?igsh=NnRzbDBtbDhvN3k=,
Financial advice from a former boss,Passion,Live,"December 27, 2025",Split Screen (https://www.notion.so/Split-Screen-2f35e3769cad8171bf1ccdef89ca350a?pvs=21),,Low,Nurture,,4013,6.9%,93.1%,"Facebook, Instagram",https://www.instagram.com/reel/DSyKV70D7lr/?igsh=cXpibm0wMzh3MWRs,,,3,,Visual text hook - “when your old boss owes millions of dollars and starts giving financial advice on LinkedIn”,No,,25.2%,5,,17,1,"“Where the fuck should I really even start” trending audio, drake happy holidays remix ",
Vegan protein,Lifestyle,Live,"December 26, 2025",Silent / b roll (https://www.notion.so/Silent-b-roll-3025e3769cad80f0b030fe6a52c68065?pvs=21),,Low,Nurture,0,2135,11.2%,88.8%,Instagram,https://www.instagram.com/reel/DSvzIyHj_LN/?igsh=MW42ZnBkcW1jbTZjeA==,,,4,,,No,,41.1%,5,,7,2,roryeliza original audio. Sounds like a clip from mean girls https://www.instagram.com/reels/audio/1055243669659646?igsh=MXV2N2ludnEwcDlvaQ==,1